{"cameraMode":{"drawMode":0,"name":"Shaded","section":"Shading Mode"},"sceneLighting":true,"audioPlay":false,"sceneViewState":{"showFog":true,"showMaterialUpdate":false,"showSkybox":true,"showFlares":true,"showImageEffects":true,"showParticleSystems":true},"in2DMode":false,"pivot":{"x":-2.5675814151763918,"y":0.6250224113464356,"z":-1.9976694583892823},"rotation":{"x":-0.01314682699739933,"y":0.9369131922721863,"z":-0.035441093146800998,"w":-0.3475298583507538},"size":5.168510913848877,"orthographic":false}