{"cameraMode":{"drawMode":0,"name":"Shaded","section":"Shading Mode"},"sceneLighting":true,"audioPlay":false,"sceneViewState":{"showFog":true,"showMaterialUpdate":false,"showSkybox":true,"showFlares":true,"showImageEffects":true,"showParticleSystems":true},"in2DMode":false,"pivot":{"x":0.9342222213745117,"y":-0.3335723876953125,"z":-6.759807586669922},"rotation":{"x":-0.1134711354970932,"y":0.8760570883750916,"z":-0.2512604296207428,"w":-0.3956429064273834},"size":84.44763946533203,"orthographic":false}